
INSERT INTO USUARIO (CPF, NOME, EMAIL, SENHA) VALUES
    ('10000000001', 'João Silva', 'joao.silva@email.com', 'senha123'),
    ('10000000002', 'Maria Oliveira', 'maria.oli@email.com', 'senha123'),
    ('10000000003', 'Rodrigo Santos', 'rodrigo.santos@email.com', 'senha123'),
    ('10000000004', 'Ana Costa', 'ana.costa@email.com', 'senha123'),
    ('10000000005', 'Carlos Souza', 'carlos.souza@email.com', 'senha123'),
    ('10000000006', 'Beatriz Lima', 'beatriz.lima@email.com', 'senha123'),
    ('10000000007', 'Lucas Pereira', 'lucas.pereira@email.com', 'senha123'),
    ('10000000008', 'Mariana Alves', 'mariana.alves@email.com', 'senha123'),
    ('10000000009', 'Pedro Gomes', 'pedro.gomes@email.com', 'senha123'),
    ('10000000010', 'Juliana Rocha', 'juliana.rocha@email.com', 'senha123'),
    ('10000000011', 'Marcos Dias', 'marcos.dias@email.com', 'senha123'),
    ('10000000012', 'Fernanda Ribeiro', 'fernanda.ribeiro@email.com', 'senha123'),
    ('10000000013', 'Rafael Martins', 'rafael.martins@email.com', 'senha123'),
    ('10000000014', 'Camila Carvalho', 'camila.carvalho@email.com', 'senha123'),
    ('10000000015', 'Felipe Melo', 'felipe.melo@email.com', 'senha123'),
    ('10000000016', 'Letícia Mendes', 'leticia.mendes@email.com', 'senha123'),
    ('10000000017', 'Thiago Borges', 'thiago.borges@email.com', 'senha123'),
    ('10000000018', 'Amanda Nunes', 'amanda.nunes@email.com', 'senha123'),
    ('10000000019', 'Bruno Castro', 'bruno.castro@email.com', 'senha123'),
    ('10000000020', 'Carolina Pinto', 'carolina.pinto@email.com', 'senha123'),
    ('10000000021', 'Diego Moreira', 'diego.moreira@email.com', 'senha123'),
    ('10000000022', 'Patrícia Vieira', 'patricia.vieira@email.com', 'senha123'),
    ('10000000023', 'Eduardo Cardoso', 'eduardo.cardoso@email.com', 'senha123'),
    ('10000000024', 'Vanessa Teixeira', 'vanessa.teixeira@email.com', 'senha123'),
    ('10000000025', 'Leandro Ramos', 'leandro.ramos@email.com', 'senha123'),
    ('10000000026', 'Tatiana Silva', 'tatiana.silva@email.com', 'senha123'),
    ('10000000027', 'Marcelo Ferreira', 'marcelo.ferreira@email.com', 'senha123'),
    ('10000000028', 'Renata Machado', 'renata.machado@email.com', 'senha123'),
    ('10000000029', 'Alexandre Pires', 'alexandre.pires@email.com', 'senha123'),
    ('10000000030', 'Priscila Batista', 'priscila.batista@email.com', 'senha123'),
    -- Entregadores
    ('10000000031', 'Roberto Carlos', 'roberto.carlos@email.com', 'senha123'),
    ('10000000032', 'Silvana Lima', 'silvana.lima@email.com', 'senha123'),
    ('10000000033', 'André Marques', 'andre.marques@email.com', 'senha123'),
    ('10000000034', 'Flávia Alessandra', 'flavia.alessandra@email.com', 'senha123'),
    ('10000000035', 'Victor Hugo', 'victor.hugo@email.com', 'senha123'),
    ('10000000036', 'Aline Riscado', 'aline.riscado@email.com', 'senha123'),
    ('10000000037', 'Gabriel Jesus', 'gabriel.jesus@email.com', 'senha123'),
    ('10000000038', 'Sabrina Sato', 'sabrina.sato@email.com', 'senha123'),
    ('10000000039', 'Ricardo Eletro', 'ricardo.eletro@email.com', 'senha123'),
    ('10000000040', 'Eliana Michaelichen', 'eliana.m@email.com', 'senha123'),
    ('10000000041', 'Rodrigo Faro', 'rodrigo.faro@email.com', 'senha123'),
    ('10000000042', 'Angélica Ksyvickis', 'angelica.k@email.com', 'senha123'),
    ('10000000043', 'Celso Portiolli', 'celso.portiolli@email.com', 'senha123'),
    ('10000000044', 'Xuxa Meneghel', 'xuxa.m@email.com', 'senha123'),
    ('10000000045', 'Luciano Huck', 'luciano.huck@email.com', 'senha123'),
    ('10000000046', 'Ana Maria Braga', 'ana.maria@email.com', 'senha123'),
    ('10000000047', 'Fausto Silva', 'fausto.silva@email.com', 'senha123'),
    ('10000000048', 'Silvio Santos', 'silvio.santos@email.com', 'senha123'),
    ('10000000049', 'Gugu Liberato', 'gugu.liberato@email.com', 'senha123'),
    ('10000000050', 'Hebe Camargo', 'hebe.camargo@email.com', 'senha123'),
    ('10000000051', 'Carlos Alberto', 'carlos.alberto@email.com', 'senha123'),
    ('10000000052', 'Marcos Mion', 'marcos.mion@email.com', 'senha123'),
    ('10000000053', 'Tiago Leifert', 'tiago.leifert@email.com', 'senha123'),
    ('10000000054', 'Tadeu Schmidt', 'tadeu.schmidt@email.com', 'senha123'),
    ('10000000055', 'Pedro Bial', 'pedro.bial@email.com', 'senha123'),
    ('10000000056', 'Fátima Bernardes', 'fatima.bernardes@email.com', 'senha123'),
    ('10000000057', 'William Bonner', 'william.bonner@email.com', 'senha123'),
    ('10000000058', 'Renata Vasconcellos', 'renata.v@email.com', 'senha123'),
    ('10000000059', 'Sandra Annenberg', 'sandra.a@email.com', 'senha123'),
    ('10000000060', 'Evaristo Costa', 'evaristo.costa@email.com', 'senha123');

INSERT INTO CATEGORIA (CD_CATEGORIA, NOME) VALUES
(1, 'Lanches'), (2, 'Pizzas'), (3, 'Japonesa'), (4, 'Brasileira'), (5, 'Doces & Bolos'),
(6, 'Açaí'), (7, 'Bebidas'), (8, 'Carnes'), (9, 'Saudável'), (10, 'Vegetariana'),
(11, 'Italiana'), (12, 'Árabe'), (13, 'Mexicana'), (14, 'Sorvetes'), (15, 'Padaria'),
(16, 'Salgados'), (17, 'Frutos do Mar'), (18, 'Cafeteria'), (19, 'Sopas & Caldos'), (20, 'Espetinhos'),
(21, 'Hot Dog'), (22, 'Tapioca'), (23, 'Pastel'), (24, 'Chinesa'), (25, 'Marmitas'),
(26, 'Vegana'), (27, 'Massas'), (28, 'Frango'), (29, 'Gourmet'), (30, 'Mercado');

INSERT INTO RESTAURANTE (CD_RESTAURANTE, CNPJ, NOME, TELEFONE, NUMERO, CEP, BAIRRO, RUA, CIDADE) VALUES
    (1, '12345678000101', 'Pizzaria do Bairro', '11999990001', '10', '01000000', 'Centro', 'Rua A', 'São Paulo'),
    (2, '12345678000102', 'Burger House', '11999990002', '20', '02000000', 'Jardins', 'Rua B', 'São Paulo'),
    (3, '12345678000103', 'Sushi Express', '11999990003', '30', '03000000', 'Mooca', 'Rua C', 'São Paulo'),
    (4, '12345678000104', 'Churrascaria Boi M', '11999990004', '40', '04000000', 'Lapa', 'Rua D', 'São Paulo'),
    (5, '12345678000105', 'Açaí Top', '11999990005', '50', '05000000', 'Pinheiros', 'Rua E', 'São Paulo'),
    (6, '12345678000106', 'Cantina Italiana', '11999990006', '60', '06000000', 'Vila Madalena', 'Rua F', 'São Paulo'),
    (7, '12345678000107', 'Marmitaria Dona Ana', '11999990007', '70', '07000000', 'Tatuapé', 'Rua G', 'São Paulo'),
    (8, '12345678000108', 'Taco Loco', '11999990008', '80', '08000000', 'Itaim Bibi', 'Rua H', 'São Paulo'),
    (9, '12345678000109', 'Salada & Cia', '11999990009', '90', '09000000', 'Paulista', 'Rua I', 'São Paulo'),
    (10, '12345678000110', 'Rei do Pastel', '11999990010', '100', '10000000', 'Liberdade', 'Rua J', 'São Paulo'),
    (11, '12345678000111', 'Doceria Açúcar', '11999990011', '110', '11000000', 'Centro', 'Rua K', 'Rio de Janeiro'),
    (12, '12345678000112', 'Shawarma do Habibi', '11999990012', '120', '12000000', 'Copacabana', 'Rua L', 'Rio de Janeiro'),
    (13, '12345678000113', 'Frango Crocante', '11999990013', '130', '13000000', 'Botafogo', 'Rua M', 'Rio de Janeiro'),
    (14, '12345678000114', 'Peixaria Mar Azul', '11999990014', '140', '14000000', 'Ipanema', 'Rua N', 'Rio de Janeiro'),
    (15, '12345678000115', 'Café Central', '11999990015', '150', '15000000', 'Leblon', 'Rua O', 'Rio de Janeiro'),
    (16, '12345678000116', 'Pão Quente', '11999990016', '160', '16000000', 'Barra', 'Rua P', 'Rio de Janeiro'),
    (17, '12345678000117', 'Sorveteria Gelato', '11999990017', '170', '17000000', 'Centro', 'Rua Q', 'Curitiba'),
    (18, '12345678000118', 'Espetinho do Zé', '11999990018', '180', '18000000', 'Batel', 'Rua R', 'Curitiba'),
    (19, '12345678000119', 'Caldo de Kenga', '11999990019', '190', '19000000', 'Água Verde', 'Rua S', 'Curitiba'),
    (20, '12345678000120', 'Dogão Prensado', '11999990020', '200', '20000000', 'Centro Cívico', 'Rua T', 'Curitiba'),
    (21, '12345678000121', 'Tapiocaria da Nordestina', '11999990021', '210', '21000000', 'Boa Viagem', 'Rua U', 'Recife'),
    (22, '12345678000122', 'Yakisoba Master', '11999990022', '220', '22000000', 'Pina', 'Rua V', 'Recife'),
    (23, '12345678000123', 'Vegan Eats', '11999990023', '230', '23000000', 'Graças', 'Rua W', 'Recife'),
    (24, '12345678000124', 'Império da Esfiha', '11999990024', '240', '24000000', 'Savassi', 'Rua X', 'Belo Horizonte'),
    (25, '12345678000125', 'Adega de Vinhos', '11999990025', '250', '25000000', 'Lourdes', 'Rua Y', 'Belo Horizonte'),
    (26, '12345678000126', 'Comida de Buteco', '11999990026', '260', '26000000', 'Pampulha', 'Rua Z', 'Belo Horizonte'),
    (27, '12345678000127', 'Bolo Caseiro', '11999990027', '270', '27000000', 'Centro', 'Rua AA', 'Salvador'),
    (28, '12345678000128', 'Acarajé da Baiana', '11999990028', '280', '28000000', 'Pelourinho', 'Rua AB', 'Salvador'),
    (29, '12345678000129', 'Suco Natural', '11999990029', '290', '29000000', 'Rio Vermelho', 'Rua AC', 'Salvador'),
    (30, '12345678000130', 'Mercadinho Rápido', '11999990030', '300', '30000000', 'Barra', 'Rua AD', 'Salvador');

INSERT INTO CUPOM (CD_CUPOM, TIPO, VALIDADE) VALUES
    (1, 'DESCONTO10', '2026-12-31'), (2, 'FRETEGRATIS', '2026-12-31'), (3, 'BEMVINDO20', '2026-12-31'),
    (4, 'PIZZA15', '2026-06-30'), (5, 'BURGER10', '2026-06-30'), (6, 'SUSHI20', '2026-06-30'),
    (7, 'FDS25', '2026-05-15'), (8, 'NATAL30', '2026-12-25'), (9, 'ANIVERSARIO50', '2026-12-31'),
    (10, 'CLIENTE10', '2026-12-31'), (11, 'MADRUGADA', '2026-08-01'), (12, 'ALMOCO15', '2026-09-01'),
    (13, 'JANTAR10', '2026-10-01'), (14, 'DOCE5', '2026-11-01'), (15, 'ACAI10', '2026-04-01'),
    (16, 'QUINTAOU', '2026-05-01'), (17, 'SEXTACERVEJA', '2026-06-01'), (18, 'DOMINGOPIZZA', '2026-07-01'),
    (19, 'SAUDAVEL15', '2026-08-01'), (20, 'VEGANO10', '2026-09-01'), (21, 'CARNES20', '2026-10-01'),
    (22, 'MASSAS10', '2026-11-01'), (23, 'FRUTOSDOMAR', '2026-12-01'), (24, 'SOPA5', '2026-01-01'),
    (25, 'SALGADOS10', '2026-02-01'), (26, 'BOLO15', '2026-03-01'), (27, 'ESPETO5', '2026-04-01'),
    (28, 'HOTDOG10', '2026-05-01'), (29, 'TAPIOCA10', '2026-06-01'), (30, 'PASTEL5', '2026-07-01');

INSERT INTO TELEFONE (CPF, NUMERO) VALUES
    ('10000000001', '11988880001'), ('10000000002', '11988880002'), ('10000000003', '11988880003'),
    ('10000000004', '11988880004'), ('10000000005', '11988880005'), ('10000000006', '11988880006'),
    ('10000000007', '11988880007'), ('10000000008', '11988880008'), ('10000000009', '11988880009'),
    ('10000000010', '11988880010'), ('10000000011', '11988880011'), ('10000000012', '11988880012'),
    ('10000000013', '11988880013'), ('10000000014', '11988880014'), ('10000000015', '11988880015'),
    ('10000000016', '11988880016'), ('10000000017', '11988880017'), ('10000000018', '11988880018'),
    ('10000000019', '11988880019'), ('10000000020', '11988880020'), ('10000000021', '11988880021'),
    ('10000000022', '11988880022'), ('10000000023', '11988880023'), ('10000000024', '11988880024'),
    ('10000000025', '11988880025'), ('10000000026', '11988880026'), ('10000000027', '11988880027'),
    ('10000000028', '11988880028'), ('10000000029', '11988880029'), ('10000000030', '11988880030');

INSERT INTO CLIENTE (CPF, RUA, CIDADE, NUMERO, BAIRRO, CEP, CONVIDADO) VALUES
    ('10000000001', 'Rua X', 'São Paulo', '10', 'Bairro 1', '01000001', NULL),
    ('10000000002', 'Rua Y', 'São Paulo', '20', 'Bairro 2', '01000002', '10000000001'),
    ('10000000003', 'Rua Z', 'São Paulo', '30', 'Bairro 3', '01000003', '10000000002'),
    ('10000000004', 'Rua A', 'Rio de Janeiro', '40', 'Bairro 4', '01000004', '10000000003'),
    ('10000000005', 'Rua B', 'Rio de Janeiro', '50', 'Bairro 5', '01000005', '10000000004'),
    ('10000000006', 'Rua C', 'Rio de Janeiro', '60', 'Bairro 6', '01000006', '10000000005'),
    ('10000000007', 'Rua D', 'Curitiba', '70', 'Bairro 7', '01000007', '10000000006'),
    ('10000000008', 'Rua E', 'Curitiba', '80', 'Bairro 8', '01000008', '10000000007'),
    ('10000000009', 'Rua F', 'Curitiba', '90', 'Bairro 9', '01000009', '10000000008'),
    ('10000000010', 'Rua G', 'Recife', '100', 'Bairro 10', '01000010', '10000000009'),
    ('10000000011', 'Rua H', 'Recife', '110', 'Bairro 11', '01000011', NULL),
    ('10000000012', 'Rua I', 'Recife', '120', 'Bairro 12', '01000012', NULL),
    ('10000000013', 'Rua J', 'Belo Horizonte', '130', 'Bairro 13', '01000013', NULL),
    ('10000000014', 'Rua K', 'Belo Horizonte', '140', 'Bairro 14', '01000014', NULL),
    ('10000000015', 'Rua L', 'Belo Horizonte', '150', 'Bairro 15', '01000015', NULL),
    ('10000000016', 'Rua M', 'Salvador', '160', 'Bairro 16', '01000016', NULL),
    ('10000000017', 'Rua N', 'Salvador', '170', 'Bairro 17', '01000017', NULL),
    ('10000000018', 'Rua O', 'Salvador', '180', 'Bairro 18', '01000018', NULL),
    ('10000000019', 'Rua P', 'Fortaleza', '190', 'Bairro 19', '01000019', NULL),
    ('10000000020', 'Rua Q', 'Fortaleza', '200', 'Bairro 20', '01000020', NULL),
    ('10000000021', 'Rua R', 'Fortaleza', '210', 'Bairro 21', '01000021', NULL),
    ('10000000022', 'Rua S', 'Brasília', '220', 'Bairro 22', '01000022', NULL),
    ('10000000023', 'Rua T', 'Brasília', '230', 'Bairro 23', '01000023', NULL),
    ('10000000024', 'Rua U', 'Brasília', '240', 'Bairro 24', '01000024', NULL),
    ('10000000025', 'Rua V', 'Goiânia', '250', 'Bairro 25', '01000025', NULL),
    ('10000000026', 'Rua W', 'Goiânia', '260', 'Bairro 26', '01000026', NULL),
    ('10000000027', 'Rua X', 'Goiânia', '270', 'Bairro 27', '01000027', NULL),
    ('10000000028', 'Rua Y', 'Manaus', '280', 'Bairro 28', '01000028', NULL),
    ('10000000029', 'Rua Z', 'Manaus', '290', 'Bairro 29', '01000029', NULL),
    ('10000000030', 'Rua AA', 'Manaus', '300', 'Bairro 30', '01000030', NULL);

INSERT INTO ENTREGADOR (CPF, NOTA, VEICULO, PLACA) VALUES
    ('10000000031', 4.8, 'Moto', 'ABC1031'), ('10000000032', 4.9, 'Bicicleta', NULL),
    ('10000000033', 5.0, 'Moto', 'ABC1033'), ('10000000034', 4.7, 'Moto', 'ABC1034'),
    ('10000000035', 4.5, 'Carro', 'ABC1035'), ('10000000036', 4.9, 'Bicicleta', NULL),
    ('10000000037', 5.0, 'Moto', 'ABC1037'), ('10000000038', 4.6, 'Moto', 'ABC1038'),
    ('10000000039', 4.8, 'Moto', 'ABC1039'), ('10000000040', 4.9, 'Carro', 'ABC1040'),
    ('10000000041', 4.7, 'Moto', 'ABC1041'), ('10000000042', 5.0, 'Bicicleta', NULL),
    ('10000000043', 4.4, 'Moto', 'ABC1043'), ('10000000044', 4.8, 'Carro', 'ABC1044'),
    ('10000000045', 4.9, 'Moto', 'ABC1045'), ('10000000046', 4.6, 'Moto', 'ABC1046'),
    ('10000000047', 5.0, 'Bicicleta', NULL), ('10000000048', 4.8, 'Moto', 'ABC1048'),
    ('10000000049', 4.7, 'Carro', 'ABC1049'), ('10000000050', 4.9, 'Moto', 'ABC1050'),
    ('10000000051', 4.5, 'Moto', 'ABC1051'), ('10000000052', 4.8, 'Bicicleta', NULL),
    ('10000000053', 5.0, 'Moto', 'ABC1053'), ('10000000054', 4.6, 'Carro', 'ABC1054'),
    ('10000000055', 4.9, 'Moto', 'ABC1055'), ('10000000056', 4.7, 'Moto', 'ABC1056'),
    ('10000000057', 4.8, 'Bicicleta', NULL), ('10000000058', 5.0, 'Moto', 'ABC1058'),
    ('10000000059', 4.9, 'Carro', 'ABC1059'), ('10000000060', 4.8, 'Moto', 'ABC1060');

INSERT INTO PERTENCE (CD_RESTAURANTE, CD_CATEGORIA) VALUES
    (1, 2), (2, 1), (3, 3), (4, 8), (5, 6), (6, 11), (7, 4), (8, 13), (9, 9), (10, 23),
    (11, 5), (12, 12), (13, 28), (14, 17), (15, 18), (16, 15), (17, 14), (18, 20), (19, 19), (20, 21),
    (21, 22), (22, 24), (23, 26), (24, 12), (25, 7), (26, 4), (27, 5), (28, 4), (29, 7), (30, 30);

INSERT INTO PRODUTO (CD_PRODUTO, NOME, DESCRICAO, NOTA, PRECO, CD_RESTAURANTE) VALUES
    (1, 'Pizza Margherita', 'Molho, mussarela e manjericão', 4.8, 45.90, 1),
    (2, 'X-Bacon Cheddar', 'Hambúrguer de 180g, bacon e cheddar', 4.9, 32.50, 2),
    (3, 'Combo Temaki', '2 Temakis de Salmão + 1 refri', 4.7, 49.90, 3),
    (4, 'Picanha na Brasa', 'Acompanha arroz, farofa e vinagrete', 4.9, 85.00, 4),
    (5, 'Açaí 500ml', 'Açaí com leite ninho, morango e banana', 4.8, 22.00, 5),
    (6, 'Lasanha à Bolonhesa', 'Massa caseira e muito queijo', 4.9, 40.00, 6),
    (7, 'Marmita de Feijoada', 'Feijoada completa tamanho G', 4.7, 28.50, 7),
    (8, 'Burrito de Carne', 'Tortilla, carne moída, chilli e queijo', 4.6, 26.00, 8),
    (9, 'Salada Caesar', 'Alface, frango grelhado e crutons', 4.8, 30.00, 9),
    (10, 'Pastel de Vento', 'Recheio de carne com queijo (mentira, é vento não)', 4.5, 12.00, 10),
    (11, 'Bolo de Cenoura', 'Com cobertura de chocolate cremosa', 4.9, 15.00, 11),
    (12, 'Shawarma Misto', 'Frango e Carne no pão sírio', 4.8, 24.90, 12),
    (13, 'Balde de Frango', '12 pedaços de frango frito super crocante', 4.9, 55.00, 13),
    (14, 'Moqueca de Peixe', 'Moqueca capixaba com pirão', 4.8, 75.00, 14),
    (15, 'Capuccino Italiano', 'Café especial com espuma de leite', 4.9, 14.50, 15),
    (16, 'Pão de Queijo', 'Porção com 10 unidades quentinhas', 4.7, 10.00, 16),
    (17, 'Sorvete Artesanal', 'Pote de 1L Sabor Pistache', 4.9, 45.00, 17),
    (18, 'Espetinho de Alcatra', 'Com farofa e mandioca', 4.8, 12.50, 18),
    (19, 'Caldo Verde', 'Caldo de batata com couve e calabresa', 4.7, 20.00, 19),
    (20, 'Hot Dog Completo', '2 Salsichas, purê, batata palha e bacon', 4.6, 18.00, 20),
    (21, 'Tapioca de Carne Seca', 'Com queijo coalho e requeijão', 4.8, 21.00, 21),
    (22, 'Yakisoba Tradicional', 'Macarrão com carne, frango e legumes', 4.7, 35.00, 22),
    (23, 'Hambúrguer de Grão de Bico', 'Pão integral, salada e molho verde', 4.9, 30.00, 23),
    (24, 'Esfiha de Queijo', 'Porção com 5 esfihas abertas', 4.8, 15.00, 24),
    (25, 'Vinho Tinto', 'Garrafa de Vinho Chileno 750ml', 4.9, 65.00, 25),
    (26, 'Porção de Batata Frita', 'Batata crinkle com cheddar e bacon', 4.7, 32.00, 26),
    (27, 'Torta de Limão', 'Fatia generosa', 4.9, 14.00, 27),
    (28, 'Acarajé Completo', 'Vatapá, caruru e camarão seco', 4.8, 20.00, 28),
    (29, 'Suco de Laranja', '1L espremido na hora', 4.9, 15.00, 29),
(30, 'Refrigerante 2L', 'Coca-Cola', 4.8, 12.00, 30);

INSERT INTO PEDIDO (CD_PEDIDO, VALOR_TOTAL, STATUS, DATA, CD_RESTAURANTE, CPF_CLIENTE, CPF_ENTREGADOR, CD_CUPOM) VALUES
    (1, 45.90, 'Entregue', '2025-10-01', 1, '10000000001', '10000000031', 1),
    (2, 32.50, 'Cancelado', '2025-10-02', 2, '10000000002', '10000000032', NULL),
    (3, 49.90, 'Entregue', '2025-10-03', 3, '10000000003', '10000000033', 3),
    (4, 85.00, 'Em Rota', '2025-10-04', 4, '10000000004', '10000000034', NULL),
    (5, 22.00, 'Entregue', '2025-10-05', 5, '10000000005', '10000000035', 5),
    (6, 40.00, 'Entregue', '2025-10-06', 6, '10000000006', '10000000036', NULL),
    (7, 28.50, 'Entregue', '2025-10-07', 7, '10000000007', '10000000037', 7),
    (8, 26.00, 'Entregue', '2025-10-08', 8, '10000000008', '10000000038', NULL),
    (9, 30.00, 'Cancelado', '2025-10-09', 9, '10000000009', '10000000039', 9),
    (10, 12.00, 'Entregue', '2025-10-10', 10, '10000000010', '10000000040', NULL),
    (11, 15.00, 'Entregue', '2025-10-11', 11, '10000000011', '10000000041', 11),
    (12, 24.90, 'Em Rota', '2025-10-12', 12, '10000000012', '10000000042', NULL),
    (13, 55.00, 'Entregue', '2025-10-13', 13, '10000000013', '10000000043', 13),
    (14, 75.00, 'Entregue', '2025-10-14', 14, '10000000014', '10000000044', NULL),
    (15, 14.50, 'Entregue', '2025-10-15', 15, '10000000015', '10000000045', 15),
    (16, 10.00, 'Entregue', '2025-10-16', 16, '10000000016', '10000000046', NULL),
    (17, 45.00, 'Cancelado', '2025-10-17', 17, '10000000017', '10000000047', 17),
    (18, 12.50, 'Entregue', '2025-10-18', 18, '10000000018', '10000000048', NULL),
    (19, 20.00, 'Entregue', '2025-10-19', 19, '10000000019', '10000000049', 19),
    (20, 18.00, 'Entregue', '2025-10-20', 20, '10000000020', '10000000050', NULL),
    (21, 21.00, 'Entregue', '2025-10-21', 21, '10000000021', '10000000051', 21),
    (22, 35.00, 'Em Rota', '2025-10-22', 22, '10000000022', '10000000052', NULL),
    (23, 30.00, 'Entregue', '2025-10-23', 23, '10000000023', '10000000053', 23),
    (24, 15.00, 'Entregue', '2025-10-24', 24, '10000000024', '10000000054', NULL),
    (25, 65.00, 'Entregue', '2025-10-25', 25, '10000000025', '10000000055', 25),
    (26, 32.00, 'Entregue', '2025-10-26', 26, '10000000026', '10000000056', NULL),
    (27, 14.00, 'Cancelado', '2025-10-27', 27, '10000000027', '10000000057', 27),
    (28, 20.00, 'Entregue', '2025-10-28', 28, '10000000028', '10000000058', NULL),
    (29, 15.00, 'Entregue', '2025-10-29', 29, '10000000029', '10000000059', 29),
(30, 12.00, 'Entregue', '2025-10-30', 30, '10000000030', '10000000060', NULL);

INSERT INTO CONTEM (CD_PEDIDO, CD_PRODUTO) VALUES
    (1, 1), (2, 2), (3, 3), (4, 4), (5, 5), (6, 6), (7, 7), (8, 8), (9, 9), (10, 10),
    (11, 11), (12, 12), (13, 13), (14, 14), (15, 15), (16, 16), (17, 17), (18, 18), (19, 19), (20, 20),
    (21, 21), (22, 22), (23, 23), (24, 24), (25, 25), (26, 26), (27, 27), (28, 28), (29, 29), (30, 30);

INSERT INTO PAGAMENTO (CD_PAGAMENTO, TIPO, SUBTIPO_CARTAO, DATA_HORA, VALOR, CD_PEDIDO) VALUES
    (1, 'Cartão', 'Crédito Mastercard', '2025-10-01 20:30:00', 45.90, 1),
    (2, 'PIX', NULL, '2025-10-02 21:00:00', 32.50, 2),
    (3, 'Cartão', 'Débito Visa', '2025-10-03 19:45:00', 49.90, 3),
    (4, 'Dinheiro', NULL, '2025-10-04 12:30:00', 85.00, 4),
    (5, 'PIX', NULL, '2025-10-05 15:15:00', 22.00, 5),
    (6, 'Cartão', 'Crédito Elo', '2025-10-06 13:00:00', 40.00, 6),
    (7, 'Cartão', 'Vale Refeição VR', '2025-10-07 12:00:00', 28.50, 7),
    (8, 'PIX', NULL, '2025-10-08 22:00:00', 26.00, 8),
    (9, 'Cartão', 'Crédito Amex', '2025-10-09 20:10:00', 30.00, 9),
    (10, 'Dinheiro', NULL, '2025-10-10 18:00:00', 12.00, 10),
    (11, 'PIX', NULL, '2025-10-11 16:20:00', 15.00, 11),
    (12, 'Cartão', 'Débito Mastercard', '2025-10-12 19:00:00', 24.90, 12),
    (13, 'PIX', NULL, '2025-10-13 21:30:00', 55.00, 13),
    (14, 'Cartão', 'Crédito Visa', '2025-10-14 13:45:00', 75.00, 14),
    (15, 'Cartão', 'Vale Refeição Ticket', '2025-10-15 09:00:00', 14.50, 15),
    (16, 'Dinheiro', NULL, '2025-10-16 08:30:00', 10.00, 16),
    (17, 'PIX', NULL, '2025-10-17 15:00:00', 45.00, 17),
    (18, 'Cartão', 'Débito Elo', '2025-10-18 20:00:00', 12.50, 18),
    (19, 'Cartão', 'Crédito Mastercard', '2025-10-19 19:15:00', 20.00, 19),
    (20, 'PIX', NULL, '2025-10-20 23:00:00', 18.00, 20),
    (21, 'Cartão', 'Vale Refeição Alelo', '2025-10-21 12:45:00', 21.00, 21),
    (22, 'Dinheiro', NULL, '2025-10-22 20:20:00', 35.00, 22),
    (23, 'PIX', NULL, '2025-10-23 21:05:00', 30.00, 23),
    (24, 'Cartão', 'Débito Visa', '2025-10-24 18:30:00', 15.00, 24),
    (25, 'Cartão', 'Crédito Amex', '2025-10-25 22:40:00', 65.00, 25),
    (26, 'PIX', NULL, '2025-10-26 14:00:00', 32.00, 26),
    (27, 'Cartão', 'Débito Mastercard', '2025-10-27 16:10:00', 14.00, 27),
    (28, 'Dinheiro', NULL, '2025-10-28 19:50:00', 20.00, 28),
    (29, 'PIX', NULL, '2025-10-29 08:00:00', 15.00, 29),
    (30, 'Cartão', 'Crédito Visa', '2025-10-30 11:30:00', 12.00, 30);

INSERT INTO HISTORICO_STATUS (CD_HISTORICO, CD_PEDIDO, DESCRICAO, DATA_HORA) VALUES
    (1, 1, 'Pedido Entregue ao Cliente', '2025-10-01 21:10:00'),
    (2, 2, 'Cancelado pelo Restaurante', '2025-10-02 21:15:00'),
    (3, 3, 'Pedido Entregue ao Cliente', '2025-10-03 20:30:00'),
    (4, 4, 'Saiu para Entrega', '2025-10-04 13:10:00'),
    (5, 5, 'Pedido Entregue ao Cliente', '2025-10-05 15:45:00'),
    (6, 6, 'Pedido Entregue ao Cliente', '2025-10-06 13:40:00'),
    (7, 7, 'Pedido Entregue ao Cliente', '2025-10-07 12:45:00'),
    (8, 8, 'Pedido Entregue ao Cliente', '2025-10-08 22:40:00'),
    (9, 9, 'Cancelado pelo Cliente', '2025-10-09 20:20:00'),
    (10, 10, 'Pedido Entregue ao Cliente', '2025-10-10 18:30:00'),
    (11, 11, 'Pedido Entregue ao Cliente', '2025-10-11 16:50:00'),
    (12, 12, 'Saiu para Entrega', '2025-10-12 19:40:00'),
    (13, 13, 'Pedido Entregue ao Cliente', '2025-10-13 22:15:00'),
    (14, 14, 'Pedido Entregue ao Cliente', '2025-10-14 14:30:00'),
    (15, 15, 'Pedido Entregue ao Cliente', '2025-10-15 09:20:00'),
    (16, 16, 'Pedido Entregue ao Cliente', '2025-10-16 08:50:00'),
    (17, 17, 'Cancelado - Tempo Excedido', '2025-10-17 15:40:00'),
    (18, 18, 'Pedido Entregue ao Cliente', '2025-10-18 20:45:00'),
    (19, 19, 'Pedido Entregue ao Cliente', '2025-10-19 19:50:00'),
    (20, 20, 'Pedido Entregue ao Cliente', '2025-10-20 23:30:00'),
    (21, 21, 'Pedido Entregue ao Cliente', '2025-10-21 13:20:00'),
    (22, 22, 'Saiu para Entrega', '2025-10-22 21:00:00'),
    (23, 23, 'Pedido Entregue ao Cliente', '2025-10-23 21:50:00'),
    (24, 24, 'Pedido Entregue ao Cliente', '2025-10-24 19:00:00'),
    (25, 25, 'Pedido Entregue ao Cliente', '2025-10-25 23:20:00'),
    (26, 26, 'Pedido Entregue ao Cliente', '2025-10-26 14:40:00'),
    (27, 27, 'Cancelado pelo Entregador', '2025-10-27 16:40:00'),
    (28, 28, 'Pedido Entregue ao Cliente', '2025-10-28 20:30:00'),
    (29, 29, 'Pedido Entregue ao Cliente', '2025-10-29 08:25:00'),
    (30, 30, 'Pedido Entregue ao Cliente', '2025-10-30 12:00:00');

INSERT INTO AVALIA (CD_AVALIACAO, CPF_CLIENTE, CD_PEDIDO, CD_PRODUTO, NOTA, COMENTARIO, DATA) VALUES
    (1, '10000000001', 1, 1, 5.0, 'Pizza deliciosa, chegou quentinha!', '2025-10-02'),
    (2, '10000000002', 2, 2, 1.0, 'Péssimo, meu pedido foi cancelado e não avisaram.', '2025-10-03'),
    (3, '10000000003', 3, 3, 4.5, 'Temaki muito bom, mas o motoboy demorou um pouco.', '2025-10-04'),
    (4, '10000000004', 4, 4, 5.0, 'Carne no ponto perfeito, virei cliente.', '2025-10-05'),
    (5, '10000000005', 5, 5, 4.0, 'Gostei do açaí, mas esqueceram o leite ninho.', '2025-10-06'),
    (6, '10000000006', 6, 6, 5.0, 'A melhor lasanha que já comi na vida!', '2025-10-07'),
    (7, '10000000007', 7, 7, 4.5, 'Feijoada bem servida, serve duas pessoas tranquilo.', '2025-10-08'),
    (8, '10000000008', 8, 8, 3.5, 'O burrito estava um pouco frio.', '2025-10-09'),
    (9, '10000000009', 9, 9, 2.0, 'O restaurante cancelou sem dar motivo.', '2025-10-10'),
    (10, '10000000010', 10, 10, 5.0, 'Pastel muito crocante, adoro!', '2025-10-11'),
    (11, '10000000011', 11, 11, 5.0, 'Bolo fresquinho e cobertura maravilhosa.', '2025-10-12'),
    (12, '10000000012', 12, 12, 4.0, 'Shawarma bom, bem temperado.', '2025-10-13'),
    (13, '10000000013', 13, 13, 5.0, 'Frango muito crocante por fora e suculento por dentro.', '2025-10-14'),
    (14, '10000000014', 14, 14, 5.0, 'Moqueca maravilhosa, tempero sensacional.', '2025-10-15'),
    (15, '10000000015', 15, 15, 4.5, 'Café muito bom para começar o dia.', '2025-10-16'),
    (16, '10000000016', 16, 16, 4.0, 'Pão de queijo OK, nada de mais.', '2025-10-17'),
    (17, '10000000017', 17, 17, 1.0, 'Cancelado depois de 2 horas de espera. Triste.', '2025-10-18'),
    (18, '10000000018', 18, 18, 5.0, 'Espetinho no capricho.', '2025-10-19'),
    (19, '10000000019', 19, 19, 5.0, 'Caldo verde me salvou do frio, excelente.', '2025-10-20'),
    (20, '10000000020', 20, 20, 4.0, 'Dogão bem servido, matou a fome.', '2025-10-21'),
    (21, '10000000021', 21, 21, 5.0, 'Tapioca muito bem recheada.', '2025-10-22'),
    (22, '10000000022', 22, 22, 4.5, 'Yakisoba estava muito saboroso.', '2025-10-23'),
    (23, '10000000023', 23, 23, 5.0, 'Melhor hambúrguer vegano da região.', '2025-10-24'),
    (24, '10000000024', 24, 24, 4.0, 'As esfihas são boas, chegou no tempo.', '2025-10-25'),
    (25, '10000000025', 25, 25, 5.0, 'Ótima carta de vinhos.', '2025-10-26'),
    (26, '10000000026', 26, 26, 4.5, 'A batata chegou meio murcha, mas o sabor estava bom.', '2025-10-27'),
    (27, '10000000027', 27, 27, 2.0, 'Cancelado... Fiquei sem sobremesa.', '2025-10-28'),
    (28, '10000000028', 28, 28, 5.0, 'Acarajé autêntico, perfeito.', '2025-10-29'),
    (29, '10000000029', 29, 29, 5.0, 'Suco natural mesmo, nada de xarope.', '2025-10-30'),
    (30, '10000000030', 30, 30, 4.0, 'Tudo certo com a entrega.', '2025-10-31');